Date;fer;vac;tourn;tempMoy;tempMax;tempMin;wind;rain;nbPlay;open;nbCov
01/01/2017;1;1;0;-2,365;-0,18;-4,55;2,31;0;0;True;65
02/01/2017;0;1;0;0,94;2,06;-0,18;2,19;0;0;False;0
03/01/2017;0;0;0;0,16;0,75;-0,43;2,63;0;0;True;42
04/01/2017;0;0;0;2,44;5,21;-0,33;4,31;1;0;True;43
05/01/2017;0;0;0;2,755;5,71;-0,2;3,04;0;0;True;74
06/01/2017;0;0;0;-1,47;1,69;-4,63;2,14;0;0;True;74
07/01/2017;0;0;0;-1,68;1,97;-5,33;2,63;1;0;True;127
08/01/2017;0;0;0;4,655;7,34;1,97;1,52;0;0;True;144
09/01/2017;0;0;0;6,115;7,45;4,78;4,64;1;0;False;0
10/01/2017;0;0;0;5,1;7,23;2,97;4,64;1;0;True;112
11/01/2017;0;0;0;7,295;10,19;4,4;7,9;1;0;True;82
12/01/2017;0;0;0;5,95;7,82;4,08;17,46;1;0;True;56
13/01/2017;0;0;0;3,005;5,01;1;14,19;0;0;True;102
14/01/2017;0;0;0;2,12;4,33;-0,09;3,83;0;69;True;136
15/01/2017;0;0;0;1,025;2,9;-0,85;2,73;1;4;True;159
16/01/2017;0;0;0;1,49;2,98;0;2,8;0;0;False;0
17/01/2017;0;0;0;-1,53;0;-3,06;5;0;0;True;84
18/01/2017;0;0;0;-1,79;0,59;-4,17;5,35;0;0;True;59
19/01/2017;0;0;0;-1,92;0,46;-4,3;4,23;0;56;True;112
20/01/2017;0;0;0;-2,105;0,76;-4,97;3,92;0;0;True;58
21/01/2017;0;0;0;-2,47;2,27;-7,21;1,73;0;0;True;87
22/01/2017;0;0;0;-0,785;4,9;-6,47;1,71;0;0;True;194
23/01/2017;0;0;0;-1,895;0,13;-3,92;2,29;0;0;False;0
24/01/2017;0;0;0;-1,21;1,1;-3,52;2,17;0;8;True;69
25/01/2017;0;0;0;-2,04;-0,14;-3,94;3,46;0;0;True;98
26/01/2017;0;0;0;-1,485;2,5;-5,47;3,95;0;0;True;89
27/01/2017;0;0;0;3,34;8,24;-1,56;4,37;0;51;True;83
28/01/2017;0;0;0;6,225;8,97;3,48;4,22;0;0;True;123
29/01/2017;0;0;0;4,79;6,98;2,6;3,7;0;0;True;217
30/01/2017;0;0;0;8,78;10,72;6,84;4,53;1;0;False;0
31/01/2017;0;0;0;10,775;12,25;9,3;2,92;1;0;True;83
01/02/2017;0;0;0;10,03;11,81;8,25;3,82;0;36;True;83
02/02/2017;0;0;0;9,675;12,27;7,08;5,97;0;0;True;88
03/02/2017;0;0;0;8,52;10,8;6,24;9,68;1;0;True;85
04/02/2017;0;1;0;5,38;7;3,76;8,54;1;8;True;90
05/02/2017;0;1;0;7,585;10,63;4,54;6,48;1;0;True;117
06/02/2017;0;1;0;6,47;8,44;4,5;6,48;0;0;False;0
07/02/2017;0;1;0;6,96;10,59;3,33;4,43;1;0;True;71
08/02/2017;0;1;0;4,97;7,42;2,52;4,12;0;0;True;61
09/02/2017;0;1;0;3,18;5,08;1,28;3,63;0;0;True;69
10/02/2017;0;1;0;1,055;2,45;-0,34;3,67;0;0;True;35
11/02/2017;0;1;0;-0,32;0,59;-1,23;1,92;0;0;True;69
12/02/2017;0;1;0;3,5;7,34;-0,34;4,07;0;0;True;82
13/02/2017;0;1;0;5,995;9,69;2,3;5,72;0;0;False;0
14/02/2017;0;1;0;8,025;12,54;3,51;3,74;0;0;True;110
15/02/2017;0;1;0;10,995;16,02;5,97;4,86;0;0;True;71
16/02/2017;0;1;0;9,16;12,65;5,67;1,58;1;0;True;62
17/02/2017;0;1;0;6,55;10,48;2,62;1,7;0;0;True;50
18/02/2017;0;1;0;6,33;11,3;1,36;2,32;0;0;True;133
19/02/2017;0;1;0;5,1;11,35;-1,15;3,4;0;0;True;151
20/02/2017;0;0;0;9,435;11,36;7,51;4,71;0;0;False;0
21/02/2017;0;0;0;11,015;12,18;9,85;5,16;0;0;True;94
22/02/2017;0;0;0;10,79;11,81;9,77;6,8;0;0;True;91
23/02/2017;0;0;0;9,435;11,52;7,35;13,22;0;72;True;133
24/02/2017;0;0;0;4,47;8,6;0,34;5,17;0;0;True;110
25/02/2017;0;0;0;4,715;11,26;-1,83;4,85;0;29;True;184
26/02/2017;0;0;0;8,805;11,95;5,66;5,77;0;0;True;281
27/02/2017;0;0;0;7,98;11,4;4,56;14,42;1;0;False;0
28/02/2017;0;0;0;6,21;8,35;4,07;9,33;1;0;True;81
01/03/2017;0;0;0;8,34;11,04;5,64;10,01;1;0;True;60
02/03/2017;0;0;0;8,475;11,86;5,09;8,4;0;0;True;97
03/03/2017;0;0;0;9,97;14,72;5,22;3,84;0;0;True;72
04/03/2017;0;0;0;9,215;12,1;6,33;3,96;1;96;True;116
05/03/2017;0;0;0;6,745;9,24;4,25;12,31;1;0;True;123
06/03/2017;0;0;0;5,59;7,3;3,88;6,54;1;0;False;0
07/03/2017;0;0;0;7,065;9,6;4,53;4,75;0;0;True;112
08/03/2017;0;0;0;8,945;13,16;4,73;6,09;1;24;True;79
09/03/2017;0;0;0;11,41;13,72;9,1;4,48;0;0;True;88
10/03/2017;0;0;0;7,62;10,83;4,41;2,33;0;70;True;101
11/03/2017;0;0;0;9,615;17,03;2,2;2,45;0;64;True;180
12/03/2017;0;0;0;10,81;16,94;4,68;4,86;0;53;True;236
13/03/2017;0;0;0;10,36;14,76;5,96;4,71;0;0;False;0
14/03/2017;0;0;0;8,995;14,95;3,04;4,41;1;60;True;138
15/03/2017;0;0;0;11,075;14,8;7,35;2,99;0;16;True;122
16/03/2017;0;0;0;11,86;20,16;3,56;2,65;0;0;True;156
17/03/2017;0;0;0;10,12;13,13;7,11;4,54;1;0;True;89
18/03/2017;0;0;0;10,2;13,67;6,73;8,61;0;84;True;97
19/03/2017;0;0;0;11,915;13,23;10,6;5,55;0;0;True;216
20/03/2017;0;0;0;10,655;11,85;9,46;6,77;0;0;False;0
21/03/2017;0;0;0;7,77;10,56;4,98;6,08;0;0;True;105
22/03/2017;0;0;0;8,085;12,19;3,98;6,31;0;20;True;72
23/03/2017;0;0;0;9,055;12,82;5,29;4,2;0;14;True;128
24/03/2017;0;0;0;10,225;13,26;7,19;4,62;0;22;True;124
25/03/2017;0;0;0;12,435;18,13;6,74;10,57;0;101;True;303
26/03/2017;0;0;0;11,92;17,51;6,33;3,9;0;112;True;245
27/03/2017;0;0;0;11,6;18,52;4,68;4,2;0;0;False;0
28/03/2017;0;0;0;11,71;17,87;5,55;4,89;0;119;True;190
29/03/2017;0;0;0;13,295;20,08;6,51;3,6;0;26;True;112
30/03/2017;0;0;0;15,65;22,95;8,35;4,8;0;0;True;168
31/03/2017;0;0;0;14,91;17,74;12,08;5,55;0;0;True;68
01/04/2017;0;1;0;12,495;16,48;8,51;4,26;0;16;True;156
02/04/2017;0;1;0;11,8;17,33;6,27;3,53;0;74;True;208
03/04/2017;0;1;0;12,35;19,25;5,45;3,2;0;52;False;0
04/04/2017;0;1;0;11,615;16,61;6,62;4,78;0;0;True;103
05/04/2017;0;1;0;11,41;14,98;7,84;6,83;0;39;True;64
06/04/2017;0;1;1;9,665;13,94;5,39;6,54;0;8;True;73
07/04/2017;0;1;1;10,42;18,2;2,64;3,34;0;0;True;107
08/04/2017;0;1;1;13,055;20,79;5,32;3,13;0;0;True;109
09/04/2017;0;1;1;15,045;24,93;5,16;2,45;0;90;True;144
10/04/2017;0;1;0;12,155;15,89;8,42;4,69;0;0;True;158
11/04/2017;0;1;0;10,445;16,3;4,59;4,25;0;0;True;157
12/04/2017;0;1;0;10,955;18,61;3,3;6,07;0;0;True;165
13/04/2017;0;1;0;11,06;15,09;7,03;3,41;0;0;False;0
14/04/2017;0;1;0;12,685;16,32;9,05;3,97;0;9;False;0
15/04/2017;0;1;0;10,98;14,87;7,09;4,52;0;0;True;139
16/04/2017;0;1;0;9,52;13,36;5,68;4,03;0;21;True;140
17/04/2017;1;1;0;9,54;12,33;6,75;6,09;0;0;True;182
18/04/2017;0;0;0;6,64;11,02;2,26;6,36;0;0;False;0
19/04/2017;0;0;0;6,285;10,91;1,66;7,34;0;10;True;98
20/04/2017;0;0;0;5,98;12,74;-0,78;3,73;0;0;True;99
21/04/2017;0;0;1;9,125;17,78;0,47;2,4;0;37;True;129
22/04/2017;0;0;1;11,19;15,59;6,79;3,5;0;112;True;195
23/04/2017;0;0;1;8,26;14,12;2,4;4,78;0;107;True;227
24/04/2017;0;0;1;9,465;17,4;1,53;3,1;0;142;True;49
25/04/2017;0;0;0;8,01;10,39;5,63;4,16;0;4;True;149
26/04/2017;0;0;0;4,985;8,82;1,15;4,68;0;0;True;137
27/04/2017;0;0;0;5,635;10,64;0,63;10,28;0;0;True;160
28/04/2017;0;0;0;8,01;12,97;3,05;3,37;1;0;True;153
29/04/2017;0;0;0;9,405;16,16;2,65;4,24;0;0;True;300
30/04/2017;0;0;0;11,98;17,87;6,09;9,73;1;0;True;267
01/05/2017;1;0;0;11,09;15,12;7,06;8,88;1;0;True;215
02/05/2017;0;0;0;11,52;15,91;7,13;3,29;0;0;False;0
03/05/2017;0;0;0;9,78;10,97;8,59;2,45;1;17;True;55
04/05/2017;0;0;0;11,355;15,51;7,2;4;0;0;True;69
05/05/2017;0;0;0;12,48;17,61;7,35;4,63;1;34;True;133
06/05/2017;0;0;0;12,015;13,12;10,91;3,47;1;60;True;99
07/05/2017;0;0;0;11,28;13,44;9,12;3,87;1;63;True;190
08/05/2017;1;0;0;10,06;11,6;8,52;4,88;0;125;True;202
09/05/2017;0;0;0;10,785;16,44;5,13;5,18;0;0;False;0
10/05/2017;0;0;0;12,75;21,04;4,46;4,69;0;16;True;146
11/05/2017;0;0;1;16,07;19,7;12,44;4,51;1;44;True;85
12/05/2017;0;0;1;15,625;20,47;10,78;4,44;0;84;True;143
13/05/2017;0;0;1;14,905;19,06;10,75;4,7;0;115;True;151
14/05/2017;0;0;1;15,205;19,47;10,94;4,61;1;0;True;193
15/05/2017;0;0;0;16,925;23,95;9,9;3,76;0;0;False;0
16/05/2017;0;0;0;20,895;27,32;14,47;4,84;0;0;True;123
17/05/2017;0;0;0;21,79;28,19;15,39;6,2;1;12;True;112
18/05/2017;0;0;0;15,4;20,67;10,13;6,29;1;26;True;71
19/05/2017;0;0;0;11,96;15,41;8,51;5,5;1;71;True;115
20/05/2017;0;0;0;11,815;17,43;6,2;4,34;0;44;True;196
21/05/2017;0;0;0;14,105;21,21;7;3,78;0;0;True;296
22/05/2017;0;0;0;17,93;25,26;10,6;3,78;0;0;False;0
23/05/2017;0;0;0;18,695;23,88;13,51;4,22;0;0;True;101
24/05/2017;0;0;0;18,805;23,37;14,24;3,01;0;18;True;68
25/05/2017;1;0;0;20,31;26,3;14,32;4,96;0;0;True;165
26/05/2017;0;0;0;21,275;27,6;14,95;5,7;0;122;True;138
27/05/2017;0;0;0;23,17;29,82;16,52;3,4;0;0;True;196
28/05/2017;0;0;0;23,765;30,75;16,78;2,8;1;0;True;196
29/05/2017;0;0;0;23,39;28,09;18,69;4,37;0;0;False;0
30/05/2017;0;0;0;18,76;21,86;15,66;3,99;0;0;True;93
31/05/2017;0;0;0;17,405;23,91;10,9;3,28;0;36;True;93
01/06/2017;0;0;0;20,475;27,18;13,77;3,01;0;46;True;134
02/06/2017;0;0;0;21,845;26,8;16,89;4,76;0;0;True;98
03/06/2017;0;0;0;15,84;19,66;12,02;3,5;1;90;True;102
04/06/2017;0;0;0;13,995;19,64;8,35;3,3;1;96;True;202
05/06/2017;1;0;0;16,77;22,69;10,85;6,22;1;148;True;191
06/06/2017;0;0;0;14,345;17,31;11,38;11,69;1;76;False;0
07/06/2017;0;0;0;14,555;19,42;9,69;5,78;0;24;True;104
08/06/2017;0;0;0;19,16;26,67;11,65;5,16;0;0;True;123
09/06/2017;0;0;0;18,615;22,07;15,16;4,72;1;16;True;153
10/06/2017;0;0;0;19,8;26,82;12,78;3,85;0;86;True;202
11/06/2017;0;0;0;21,565;29,23;13,9;4,14;0;0;True;245
12/06/2017;0;0;0;17,35;21,26;13,44;4,43;0;0;True;123
13/06/2017;0;0;0;16,54;23,59;9,49;3,6;0;0;False;0
14/06/2017;0;0;0;21,655;28,54;14,77;3,55;0;19;True;115
15/06/2017;0;0;0;23,09;28,06;18,12;4,63;0;0;True;146
16/06/2017;0;0;0;17,805;22,86;12,75;4,93;0;25;True;153
17/06/2017;0;0;0;19,455;26,65;12,26;3,51;0;41;True;257
18/06/2017;0;0;0;23,11;29,16;17,06;5,03;0;136;True;225
19/06/2017;0;0;0;24,385;32,91;15,86;3,03;0;101;False;0
20/06/2017;0;0;0;25,43;33,74;17,12;3,15;0;0;True;104
21/06/2017;0;0;0;27,75;36,14;19,36;3,07;0;0;True;102
22/06/2017;0;0;0;27,29;34,17;20,41;4,78;0;0;True;121
23/06/2017;0;0;0;20,06;24;16,12;4,46;0;31;True;136
24/06/2017;0;0;0;19,44;25,11;13,77;4,73;0;328;True;38
25/06/2017;0;0;0;21,79;26,19;17,39;5,03;0;0;True;238
26/06/2017;0;0;0;21,785;28,09;15,48;3,45;0;0;False;0
27/06/2017;0;0;0;21,505;24,28;18,73;2,33;1;4;True;112
28/06/2017;0;0;0;19,395;22,46;16,33;4,7;1;0;True;82
29/06/2017;0;0;0;17,315;20,67;13,96;4,77;0;34;True;174
30/06/2017;0;0;0;16,195;18,6;13,79;3,97;1;24;True;101
01/07/2017;0;0;0;16,975;20,04;13,91;4,81;1;24;True;82
02/07/2017;0;0;0;17,79;22,75;12,83;3,7;0;41;True;122
03/07/2017;0;0;0;18,46;24,67;12,25;4,34;0;0;False;0
04/07/2017;0;0;0;20,17;28,04;12,3;2,19;0;0;True;112
05/07/2017;0;0;0;23,62;31,53;15,71;3,34;0;30;True;86
06/07/2017;0;0;0;26,975;34,5;19,45;4,81;0;56;True;140
07/07/2017;0;0;0;26,365;33,05;19,68;3,25;0;56;True;130
08/07/2017;0;1;0;23,835;30,29;17,38;4,09;0;0;True;127
09/07/2017;0;1;0;23,57;28,58;18,56;2,58;1;65;True;130
10/07/2017;0;1;0;19,1;21,82;16,38;3,71;1;0;False;0
11/07/2017;0;1;0;19,005;23,71;14,3;5,37;0;0;True;82
12/07/2017;0;1;0;19,105;21,75;16,46;6,7;0;1;True;46
13/07/2017;0;1;0;19,055;23,49;14,62;2,76;1;0;True;58
14/07/2017;1;1;0;17,98;22,87;13,09;5,58;0;56;True;63
15/07/2017;0;1;0;18,515;25,52;11,51;2,9;0;0;True;92
16/07/2017;0;1;0;22,525;28,3;16,75;2,95;0;0;True;106
17/07/2017;0;1;0;22,88;29,32;16,44;3,17;0;0;False;0
18/07/2017;0;1;0;25,805;33,09;18,52;4,5;0;0;True;62
19/07/2017;0;1;0;25,02;28,68;21,36;6,32;0;0;True;39
20/07/2017;0;1;1;18,665;21,94;15,39;6,8;0;0;True;97
21/07/2017;0;1;1;18,79;24,78;12,8;6,67;0;1;True;109
22/07/2017;0;1;1;17,4;20,62;14,18;4,78;1;34;True;80
23/07/2017;0;1;1;17,13;21,07;13,19;5,57;1;23;True;88
24/07/2017;0;1;0;16,57;19,9;13,24;5,13;0;0;False;0
25/07/2017;0;1;0;18,28;21,61;14,95;4,27;0;34;True;54
26/07/2017;0;1;0;16,74;22,48;11;4,95;0;0;True;60
27/07/2017;0;1;0;19,065;21,94;16,19;3,76;0;0;True;42
28/07/2017;0;1;0;18,68;22,75;14,61;5,74;0;0;True;44
29/07/2017;0;1;0;22,615;27,52;17,71;5,86;0;0;True;89
30/07/2017;0;1;0;22,03;24,58;19,48;9,46;0;0;False;0
31/07/2017;0;1;0;18,705;23,75;13,66;2,98;0;0;False;0
01/08/2017;0;1;0;20,81;26,28;15,34;3,9;1;0;True;50
02/08/2017;0;1;0;22,32;29,05;15,59;5,1;0;76;True;121
03/08/2017;0;1;0;22,2;26,3;18,1;7,17;0;119;True;75
04/08/2017;0;1;0;21,605;25,81;17,4;5,73;0;0;True;36
05/08/2017;0;1;0;19,265;23,23;15,3;5,21;1;0;True;43
06/08/2017;0;1;0;16,83;23,67;9,99;2,76;0;0;True;53
07/08/2017;0;1;0;18,535;26,56;10,51;3,83;0;0;False;0
08/08/2017;0;1;0;16,91;19,85;13,97;4,74;0;0;True;26
09/08/2017;0;1;0;15,21;17,95;12,47;3,06;1;0;True;27
10/08/2017;0;1;1;15,4;18,91;11,89;4,03;1;0;True;30
11/08/2017;0;1;1;16,75;20,42;13,08;3,95;1;0;True;36
12/08/2017;0;1;1;16,395;19,65;13,14;5;0;0;True;23
13/08/2017;0;1;1;16,755;22,37;11,14;2,02;1;0;True;46
14/08/2017;0;1;0;18,59;27,1;10,08;2,94;0;0;False;0
15/08/2017;1;1;0;21,865;25,87;17,86;4,57;0;0;True;39
16/08/2017;0;1;0;19,365;25,05;13,68;2,08;0;0;True;23
17/08/2017;0;1;0;20,185;23,94;16,43;4,31;1;17;True;32
18/08/2017;0;1;0;17,92;21,9;13,94;3,83;1;0;True;27
19/08/2017;0;1;0;15,845;20,53;11,16;4,62;0;30;True;46
20/08/2017;0;1;0;15,87;21,99;9,75;2,96;0;0;True;60
21/08/2017;0;1;0;19,88;23,58;16,18;2,6;0;0;False;0
22/08/2017;0;1;0;21,56;27,69;15,43;3,52;0;0;True;46
23/08/2017;0;1;0;21,675;26,7;16,65;4,16;0;0;True;52
24/08/2017;0;1;0;18,61;24,01;13,21;2,07;0;0;True;59
25/08/2017;0;1;0;19,475;22,56;16,39;2,99;1;0;True;46
26/08/2017;0;1;0;22,065;27,82;16,31;2,08;0;53;True;61
27/08/2017;0;1;0;22,56;27,83;17,29;4,83;1;0;True;96
28/08/2017;0;1;0;23,265;29,87;16,66;3,15;0;25;False;0
29/08/2017;0;1;0;24,69;32,33;17,05;3,51;0;0;True;98
30/08/2017;0;1;0;18,685;24,77;12,6;5,95;1;0;True;123
31/08/2017;0;1;0;15,83;20,27;11,39;3,99;1;0;True;132
01/09/2017;0;1;0;16,405;21;11,81;3,24;1;0;True;58
02/09/2017;0;1;0;15,645;19,86;11,43;5,24;0;184;True;241
03/09/2017;0;1;0;14,945;20,89;9;3,67;0;52;True;229
04/09/2017;0;0;0;19,395;23,61;15,18;3,34;0;0;False;0
05/09/2017;0;0;0;19,8;21,52;18,08;5,21;0;0;True;65
06/09/2017;0;0;0;16,495;19,79;13,2;5,21;0;44;True;56
07/09/2017;0;0;0;15,675;19,58;11,77;4,04;0;0;True;88
08/09/2017;0;0;0;16,375;18,32;14,43;7,71;1;0;True;67
09/09/2017;0;0;0;13,665;16,42;10,91;5,66;1;84;True;117
10/09/2017;0;0;0;13,84;18,26;9,42;9,5;1;89;True;172
11/09/2017;0;0;0;14,535;17,45;11,62;8,89;0;0;False;0
12/09/2017;0;0;0;14,45;17,71;11,19;7,81;0;0;True;81
13/09/2017;0;0;0;14,99;17,82;12,16;11,93;1;0;True;69
14/09/2017;0;0;0;13,34;15,99;10,69;8,04;1;56;True;81
15/09/2017;0;0;0;11,935;16,18;7,69;3,76;0;40;True;71
16/09/2017;0;0;0;10,63;15,01;6,25;2,57;0;40;True;169
17/09/2017;0;0;0;11,55;14,61;8,49;2,41;1;43;True;233
18/09/2017;0;0;0;11,325;16,26;6,39;2,93;1;70;False;0
19/09/2017;0;0;0;12,96;16,85;9,07;3,21;0;0;True;105
20/09/2017;0;0;0;11,585;17,27;5,9;2,99;0;31;True;97
21/09/2017;0;0;0;14,09;20,41;7,77;3,37;0;0;True;130
22/09/2017;0;0;0;14,87;19,69;10,05;2,81;0;0;True;116
23/09/2017;0;0;0;13,355;19,8;6,91;2,68;0;41;True;204
24/09/2017;0;0;0;15,8;22,39;9,21;3,13;0;0;True;271
25/09/2017;0;0;0;17,13;20,27;13,99;2,11;0;20;False;0
26/09/2017;0;0;0;16,975;20,67;13,28;1,81;0;0;True;107
27/09/2017;0;0;0;15,48;19,97;10,99;2,42;0;53;True;100
28/09/2017;0;0;0;16,965;19,6;14,33;2,48;0;20;True;117
29/09/2017;0;0;0;19,52;24,38;14,66;3,3;0;33;True;101
30/09/2017;0;0;0;15,535;18;13,07;3,82;1;101;True;127
01/10/2017;0;0;0;13,85;15,06;12,64;4,12;1;24;True;140
02/10/2017;0;0;0;16,615;19,37;13,86;4,58;1;0;False;0
03/10/2017;0;0;0;12,795;16,6;8,99;3,5;0;0;True;118
04/10/2017;0;0;0;12,49;17,43;7,55;3,74;0;21;True;110
05/10/2017;0;0;0;12,355;15,9;8,81;4,25;0;32;True;80
06/10/2017;0;0;0;10,825;15,32;6,33;5,27;0;14;True;103
07/10/2017;0;0;0;9,785;15,55;4,02;6,11;0;60;True;154
08/10/2017;0;0;0;14,14;16,23;12,05;2,68;0;62;True;176
09/10/2017;0;0;0;13,425;17,4;9,45;3,05;1;0;True;98
10/10/2017;0;0;0;14,565;16,59;12,54;3,47;0;0;False;0
11/10/2017;0;0;0;16,9;20,1;14,8;6,2;0;0;True;123
12/10/2017;0;0;0;17,1;22;14,2;6;0;50;True;140
13/10/2017;0;0;0;17,8;27,3;14;3,7;0;0;True;112
14/10/2017;0;0;0;17,7;25,7;12,8;3,4;0;38;True;201
15/10/2017;0;0;0;18,3;25,2;12,6;5,6;0;0;True;273
16/10/2017;0;0;0;20,2;26;15,3;5,8;0;0;False;0
17/10/2017;0;0;0;18;25;12,6;3,2;0;71;True;159
18/10/2017;0;0;0;16,9;22,3;14,3;4,8;0;0;True;131
19/10/2017;0;0;0;16,8;22,7;13;8,8;1;2;True;146
20/10/2017;0;0;0;14,2;18,9;11,2;8,2;1;33;True;98
21/10/2017;0;1;0;14,3;19,3;10,7;9,5;0;82;True;111
22/10/2017;0;1;0;10,9;16;9,3;8,9;1;55;True;134
23/10/2017;0;1;0;12,4;15,4;10,2;6;1;172;True;99
24/10/2017;0;1;0;16,5;20,6;13,8;5,9;1;0;True;100
25/10/2017;0;1;0;17,2;24,6;14;5,8;0;0;True;99
26/10/2017;0;1;0;15;17,2;13,9;2,2;0;12;True;108
27/10/2017;0;1;0;15;20,8;10,2;4,6;0;0;True;39
28/10/2017;0;1;0;12,1;17,1;8,5;6,9;0;40;True;98
29/10/2017;0;1;0;13,8;16,8;11;7,6;1;12;True;95
30/10/2017;0;1;0;10,2;18,9;6,4;4,6;0;0;False;0
31/10/2017;0;1;0;9,2;18,2;5,2;2,5;0;0;True;74
01/11/2017;1;1;0;9,9;16,2;6,4;2,8;0;2;True;132
02/11/2017;0;1;0;12,1;16,1;9,5;3,9;0;9;True;59
03/11/2017;0;1;0;14,4;22,7;11,5;3,3;0;8;True;85
04/11/2017;0;1;0;14;17,4;11;7,5;1;11;True;102
05/11/2017;0;1;0;10,4;14,4;7,3;7,2;1;0;True;181
06/11/2017;0;0;0;8,4;16,5;3,3;3,8;0;0;False;0
07/11/2017;0;0;0;5,9;15,3;1,8;2,4;0;0;True;104
08/11/2017;0;0;0;6,7;12,5;2,4;2,4;0;84;True;128
09/11/2017;0;0;0;9,4;13,5;6,9;3;1;69;True;139
10/11/2017;0;0;0;12,2;15,7;9;6,9;1;0;True;102
11/11/2017;1;0;0;13,2;18,2;10;8,5;1;43;True;136
12/11/2017;0;0;0;12,5;15,2;8,9;9,9;1;0;True;193
13/11/2017;0;0;0;8,2;13,7;5,5;6,5;0;0;False;0
14/11/2017;0;0;0;8,2;16,6;3,6;3,4;0;0;True;117
15/11/2017;0;0;0;9,7;13,7;7,1;2,6;0;40;True;113
16/11/2017;0;0;0;10,4;18,3;7,9;2;0;0;True;135
17/11/2017;0;0;0;10,8;13;8,8;2,5;0;32;True;116
18/11/2017;0;0;0;9,1;11,2;6,6;6,5;1;30;True;177
19/11/2017;0;0;0;9,7;12,9;4,6;7,1;1;41;True;216
20/11/2017;0;0;0;9,3;12,6;6,1;5,2;0;0;False;0
21/11/2017;0;0;0;11,8;13,2;10,2;5,4;0;0;True;110
22/11/2017;0;0;0;12,5;16,5;9,8;7,8;0;17;True;96
23/11/2017;0;0;0;13,5;18,7;11,4;9,6;1;10;True;110
24/11/2017;0;0;0;12,9;15,3;11,1;9,1;1;10;True;76
25/11/2017;0;0;0;8,9;11,8;6,1;6,8;1;85;True;152
26/11/2017;0;0;0;7;11,7;5,2;6,6;0;200;True;210
27/11/2017;0;0;0;8,6;10,5;5,3;7,5;1;0;True;101
28/11/2017;0;0;0;9,7;14,7;6,4;6,8;1;0;True;129
29/11/2017;0;0;0;6,3;9,9;4,6;4,6;1;9;True;101
30/11/2017;0;0;0;6,2;9,2;3,8;6,2;1;0;True;71
01/12/2017;0;0;0;5;7;3,2;4,7;1;0;True;85
02/12/2017;0;0;0;3,1;4,4;1,6;3,3;0;0;True;121
03/12/2017;0;0;0;3,7;7,9;0,9;5,2;1;13;True;154
04/12/2017;0;0;0;9,8;14,2;7,4;3,7;0;43;False;0
05/12/2017;0;0;0;9,3;11,7;5,6;2,6;0;52;True;135
06/12/2017;0;0;0;9;11,4;5,3;4,6;1;0;True;91
07/12/2017;0;0;0;7,2;11,8;4,3;11,3;1;0;True;46
08/12/2017;0;0;0;6,6;10,7;3,9;8,6;1;0;True;60
09/12/2017;0;0;0;4,4;9,4;2,9;6,4;1;0;True;113
10/12/2017;0;0;0;6,8;12,6;1,9;13,4;1;0;True;124
11/12/2017;0;0;0;8,4;12,5;4,6;15,4;1;0;True;103
12/12/2017;0;0;0;4,9;9,9;2,8;5,2;1;0;False;0
13/12/2017;0;0;0;7,7;12,3;3,9;11,2;1;0;True;53
14/12/2017;0;0;0;7,1;10,7;4,3;14,1;1;0;True;52
15/12/2017;0;0;0;5,7;7,6;4,3;8,6;1;0;True;115
16/12/2017;0;0;0;6,1;9,2;3,4;5,8;1;49;True;130
17/12/2017;0;0;0;5,1;13;2,2;5,2;1;0;True;167
18/12/2017;0;0;0;8,5;11;4,3;6,5;1;0;False;0
19/12/2017;0;0;0;5,2;7;3,3;2,6;0;0;True;73
20/12/2017;0;0;0;9,3;11,4;6,3;3,4;0;0;True;40
21/12/2017;0;0;0;12,2;13,6;10,9;4,6;1;0;True;66
22/12/2017;0;0;0;12,5;13,3;11,1;4,3;1;0;True;40
23/12/2017;0;1;0;12,5;16,6;11,9;4,3;0;0;True;127
24/12/2017;0;1;0;11,8;12,2;11,1;5,3;1;0;True;76
25/12/2017;1;1;0;9,3;11,5;7,6;7,2;0;0;True;49
26/12/2017;0;1;0;9,3;10,6;7,9;11;1;0;False;0
27/12/2017;0;1;0;7,4;9,3;5,2;11,6;1;0;True;53
28/12/2017;0;1;0;3,6;7,7;1,4;7,8;1;0;True;101
29/12/2017;0;1;0;5;10,2;1,2;11,6;1;0;True;23
30/12/2017;0;1;0;12,9;16,1;7,9;10,4;1;0;True;59
31/12/2017;0;1;0;12,6;14,8;9;11,3;0;0;True;81
01/01/2018;1;1;0;7,8;11,1;5,7;11,1;1;0;False;0
02/01/2018;0;1;0;8,4;13;6,1;11,9;1;0;True;61
03/01/2018;0;1;0;10,6;15,3;6,4;14,4;1;0;True;29
04/01/2018;0;1;0;12;15,9;7,4;12,7;1;0;True;57
05/01/2018;0;1;0;10,1;12,8;7,2;7,1;1;32;True;76
06/01/2018;0;1;0;8,9;10,4;6,9;5;1;0;True;83
07/01/2018;0;1;0;8,2;8,9;7,6;6,3;1;0;True;176
08/01/2018;0;0;0;7,8;10,8;6,4;4,9;0;0;False;0
09/01/2018;0;0;0;7,4;10,1;4,3;6;1;0;True;113
10/01/2018;0;0;0;9,8;14,4;8,3;7,2;1;0;True;80
11/01/2018;0;0;0;8,8;10,9;7,4;3,6;0;0;True;115
12/01/2018;0;0;0;7,8;9,1;5,4;3,3;0;0;True;69
13/01/2018;0;0;0;6,7;9;4,6;5,9;0;0;True;178
14/01/2018;0;0;0;5;15,6;1,3;3,1;0;0;True;216
15/01/2018;0;0;0;7,7;12,1;4,2;12,8;1;0;False;0
16/01/2018;0;0;0;8,5;11,8;5;11,1;1;0;True;96
17/01/2018;0;0;0;5;8,9;1;10,6;1;1;True;100
18/01/2018;0;0;0;8,8;12,6;4,9;12;1;0;True;36
19/01/2018;0;0;0;5,5;9;2,9;9,6;1;0;True;79
20/01/2018;0;0;0;7,5;12,8;3,8;9,6;1;0;True;96
21/01/2018;0;0;0;8,7;13;6,5;7,4;1;0;True;186
22/01/2018;0;0;0;12,9;16,1;10,1;9;1;0;False;0
23/01/2018;0;0;0;9,6;13,2;6,8;8,1;0;0;True;88
24/01/2018;0;0;0;12,8;16,2;10,9;10,9;0;0;True;91
25/01/2018;0;0;0;9,7;11,6;9,1;8,2;1;0;True;61
26/01/2018;0;0;0;8,5;14,2;5,9;5,5;1;0;True;81
27/01/2018;0;0;0;6;8,2;4,1;6,5;1;0;True;155
28/01/2018;0;0;0;10,1;13,6;6,9;5,7;0;0;True;235
29/01/2018;0;0;0;11,6;12,6;10,1;6,7;0;0;False;0
30/01/2018;0;0;0;10,4;12,3;8,5;6,2;1;0;True;111
31/01/2018;0;0;0;10,2;11,2;7,3;10;1;0;True;85
01/02/2018;0;0;0;5,4;11,3;2,6;6,8;1;0;True;84
02/02/2018;0;0;0;4;8,5;2;7,8;0;0;True;128
03/02/2018;0;0;0;4;5,7;2,3;4,6;1;25;True;125
04/02/2018;0;0;0;3,8;5,6;0,2;6,3;1;0;True;238
05/02/2018;0;0;0;-0,6;1,1;-2,5;5,2;0;0;False;0
06/02/2018;0;0;0;0,6;1,1;0,3;2,6;0;0;True;52
07/02/2018;0;0;0;1,1;2,8;-0,6;2,6;0;0;True;16
08/02/2018;0;0;0;0,6;15,9;-4,1;2,7;0;0;True;31
09/02/2018;0;0;0;-1,3;2,6;-4,4;7,2;0;0;True;5
10/02/2018;0;0;0;2,7;9,8;-0,3;8,2;1;0;True;120
11/02/2018;0;0;0;4,3;8,9;0,7;9,8;1;0;True;148
12/02/2018;0;0;0;2,2;8,3;-0,5;7,2;0;0;False;0
13/02/2018;0;0;0;0,8;2,7;-1;7,5;1;0;True;101
14/02/2018;0;0;0;2,2;5,7;-0,4;7,2;1;0;True;74
15/02/2018;0;0;0;9,3;13,2;4,4;7,5;1;0;True;52
16/02/2018;0;0;0;7,4;14,8;2,5;3,3;0;36;True;103
17/02/2018;0;1;0;5;9,9;1,4;4,1;0;0;True;126
18/02/2018;0;1;0;4,3;9;0,6;5;0;0;True;178
19/02/2018;0;1;0;3,5;6,6;0,8;3,9;1;0;False;0
20/02/2018;0;1;0;6,7;9,4;4,3;3,7;1;0;True;63
21/02/2018;0;1;0;2,7;6,8;0;5,2;0;0;True;55
22/02/2018;0;1;0;0,8;5,3;-2,6;5;0;0;True;66
23/02/2018;0;1;0;0,2;4;-3;5,7;0;0;True;42
24/02/2018;0;1;0;0,9;5,3;-2,6;7;0;1;True;85
25/02/2018;0;1;0;-0,3;3,3;-3,4;6,5;0;0;True;103
26/02/2018;0;1;0;-2,9;0,8;-5,2;7,2;0;0;False;0
27/02/2018;0;1;0;-4,9;-2,1;-7,1;5,3;0;0;True;54
28/02/2018;0;1;0;-4,7;-0,5;-8,1;7,8;0;0;True;42
01/03/2018;0;1;0;-2,1;2,1;-5,3;7,1;1;0;True;31
02/03/2018;0;1;0;2,9;9,4;-0,2;8,5;1;0;True;37
03/03/2018;0;1;0;5;11,3;0,8;5,3;1;0;True;105
04/03/2018;0;1;0;5,7;9,6;3,6;4,8;1;0;True;133
05/03/2018;0;0;0;8,4;14,1;5,1;4,9;0;0;False;0
06/03/2018;0;0;0;7,4;12,5;4,1;8;1;0;True;104
07/03/2018;0;0;0;6,2;11,3;3,1;8,9;1;23;True;78
08/03/2018;0;0;0;6,1;10,6;3,9;10,7;1;0;True;94
09/03/2018;0;0;0;9,2;13,8;5,8;5,6;1;30;True;100
10/03/2018;0;0;0;12,8;17,6;9,7;6,7;1;113;True;160
11/03/2018;0;0;0;13,2;18,7;10;7,3;1;88;True;225
12/03/2018;0;0;0;10,2;13,3;7,8;9,3;1;0;False;0
13/03/2018;0;0;0;8,8;12,7;6,3;8;0;0;True;128
14/03/2018;0;0;0;8,8;14,5;3,6;8,1;1;17;True;106
15/03/2018;0;0;0;9,5;13,1;7,5;6,7;1;12;True;86
16/03/2018;0;0;0;9,1;14,5;6;5,6;1;4;True;73
17/03/2018;0;0;0;3,7;7,1;0,6;4,4;1;68;True;73
18/03/2018;0;0;0;0,7;2,2;-1;4,6;0;46;True;170
19/03/2018;0;0;0;-0,2;2;-1,4;4,3;1;0;False;0
20/03/2018;0;0;0;1,9;7,6;-3,2;6,3;1;42;True;71
21/03/2018;0;0;0;3,1;10,1;-0,8;5,6;0;22;True;84
22/03/2018;0;0;0;4,1;7,6;0,3;6,8;0;0;True;93
23/03/2018;0;0;0;4,8;6,3;3,7;7,3;0;0;True;81
24/03/2018;0;0;0;8,2;13,7;5,2;4,8;0;76;True;168
25/03/2018;0;0;0;9,4;15,7;4,3;4,7;0;36;True;201
26/03/2018;0;0;0;8,9;14,9;5,2;4,5;0;0;False;0
27/03/2018;0;0;0;8,1;13,9;4,2;8,8;1;0;True;134
28/03/2018;0;0;0;8,3;14,5;3,9;10;1;0;True;136
29/03/2018;0;0;0;6,3;12,3;1,9;7,7;1;0;True;227
30/03/2018;0;0;0;6,8;9,5;4,6;9,8;1;0;True;151
31/03/2018;0;0;0;6,9;11,9;3,4;6,9;1;0;True;165
01/04/2018;0;0;0;7,5;12,4;5,3;6,2;0;0;True;181
02/04/2018;1;0;0;10,3;16;6,6;8,2;1;0;True;218
03/04/2018;0;0;0;11,1;14,3;7,7;7,8;1;0;False;0
04/04/2018;0;0;0;10,1;15,2;6,9;9,4;1;21;True;96
05/04/2018;0;0;1;8,3;11,5;5;9,5;0;21;True;176
06/04/2018;0;0;1;11;18,2;4;6,1;0;32;True;114
07/04/2018;0;0;1;15,1;20,5;11,1;5,7;0;152;True;182
08/04/2018;0;0;1;15,3;23,1;9;8;0;106;True;223
09/04/2018;0;0;0;12,3;15,4;10,6;5,6;1;0;False;0
10/04/2018;0;0;0;12,7;16,4;10,5;8,5;1;119;True;172
11/04/2018;0;0;0;12,9;19,8;6,7;4,7;0;15;True;135
12/04/2018;0;0;0;10,8;14,9;7,3;4,3;1;0;True;114
13/04/2018;0;0;0;12,6;17,9;8,8;5;1;0;True;161
14/04/2018;0;1;0;11,7;16;7,5;6,4;1;78;True;148
15/04/2018;0;1;0;12,9;17,6;9;6,9;1;16;True;188
16/04/2018;0;1;0;12,1;19;6,9;5;0;0;False;0
17/04/2018;0;1;0;14,5;21,9;8,3;7,2;0;0;True;132
18/04/2018;0;1;0;18,4;25,7;9,2;5,5;0;0;True;112
19/04/2018;0;1;0;20,4;27,6;12,7;6,2;0;8;True;96
20/04/2018;0;1;0;21,9;29,6;14,7;3,9;0;0;True;124
21/04/2018;0;1;0;20,8;29,4;12,1;3,5;0;0;True;157
22/04/2018;0;1;0;20,7;26,2;13,9;7,6;1;0;True;185
23/04/2018;0;1;0;14,8;19,6;10,9;5,6;0;0;False;0
24/04/2018;0;1;0;13,7;20,9;6,7;5,9;0;0;True;104
25/04/2018;0;1;0;13;17,2;9,6;7,7;0;12;True;72
26/04/2018;0;1;0;10,5;16,2;5,8;6,6;0;0;True;90
27/04/2018;0;1;0;12,5;19,8;6,6;10,3;0;0;True;58
28/04/2018;0;1;0;12;15,6;8,9;7;1;22;True;112
29/04/2018;0;1;0;10,1;11,9;8,7;4,9;1;37;True;135
30/04/2018;0;0;0;6,7;10,1;4,3;10;1;0;False;0
01/05/2018;1;0;0;8,4;15,5;4,7;5,5;1;38;True;237
02/05/2018;0;0;0;10,4;16,8;4;7,8;0;17;True;100
03/05/2018;0;0;0;11,2;17,7;4,8;4,9;0;52;True;81
04/05/2018;0;0;0;12;19,5;5,2;5,6;0;28;True;112
05/05/2018;0;0;0;15,3;24,6;7,5;5,2;0;96;True;175
06/05/2018;0;0;0;19,2;27,7;10,2;5,3;0;43;True;329
07/05/2018;0;0;0;20;27;12;4,9;0;140;True;63
08/05/2018;1;0;0;20;28,3;11,9;7,5;0;0;True;193
09/05/2018;0;0;0;15,9;22,2;11,1;5,5;0;19;True;87
10/05/2018;1;0;1;12,7;17,6;8,5;6,9;0;20;True;140
11/05/2018;0;0;1;13,6;22;5;5,9;0;0;True;116
12/05/2018;0;0;1;14,5;20,8;9,2;8,1;1;80;True;145
13/05/2018;0;0;1;10,6;15,8;8,6;6,8;1;37;True;190
14/05/2018;0;0;0;11,2;14;9,1;6,1;1;0;False;0
15/05/2018;0;0;0;14,7;21,3;11,2;6;0;0;True;153
16/05/2018;0;0;0;14,5;21,8;9,8;6,1;1;35;True;73
17/05/2018;0;0;0;13;19,6;8,2;5,3;1;64;True;108
18/05/2018;0;0;0;11,8;19,2;4,8;5,2;0;22;True;122
19/05/2018;0;0;0;12,6;20,8;5,3;5;0;87;True;154
20/05/2018;0;0;0;14,3;23,9;5,9;4,6;0;64;True;189
21/05/2018;1;0;0;17,3;24,5;9,9;4,3;0;128;False;0
22/05/2018;0;0;0;16,9;27,5;10,4;7,4;1;0;True;219
23/05/2018;0;0;0;15,7;22,5;11,8;4,6;1;19;True;87
24/05/2018;0;0;0;17,9;25,4;13;4,9;0;44;True;144
25/05/2018;0;0;0;17,7;27,7;12;6,9;1;0;True;143
26/05/2018;0;0;0;20,9;27,3;14,9;5,1;1;64;True;279
27/05/2018;0;0;0;21,6;28,9;16,5;4,2;0;55;True;275
28/05/2018;0;0;0;21,2;27,8;16,5;5,9;1;171;False;0
29/05/2018;0;0;0;18,3;24,5;14,8;5,6;1;0;True;116
30/05/2018;0;0;0;19,4;26,1;15,1;3,9;1;23;True;99
31/05/2018;0;0;0;19,8;24,9;15,1;6;0;23;True;142
01/06/2018;0;0;0;17,2;21,3;15;5,8;1;306;True;131
02/06/2018;0;0;0;18,7;26,1;13,6;3,4;1;0;True;268
03/06/2018;0;0;0;20;26,5;13,4;3,9;0;0;True;264
04/06/2018;0;0;0;20,5;26,6;17,1;4,2;0;74;False;0
05/06/2018;0;0;0;17,7;21,9;14,9;4,3;1;0;True;78
06/06/2018;0;0;0;17;23,1;13,2;4,6;1;35;True;82
07/06/2018;0;0;0;19,7;26,1;16,3;4,7;0;61;True;134
08/06/2018;0;0;0;19,9;26,8;15,2;3,9;0;40;True;85
09/06/2018;0;0;0;18,9;25,8;15;3,7;0;0;True;169
10/06/2018;0;0;0;19,4;25,8;14,9;3,6;0;104;True;239
11/06/2018;0;0;0;18,3;22,3;16,4;3,2;1;40;False;0
12/06/2018;0;0;0;16,5;20,3;14,4;5,9;1;0;True;55
13/06/2018;0;0;0;13,9;20,4;9,4;5,3;0;58;True;103
14/06/2018;0;0;0;15,5;21,4;10,6;6,2;0;0;True;100
15/06/2018;0;0;0;17,7;25,3;12;4,6;0;27;True;139
16/06/2018;0;0;0;16,8;22,7;12,5;5,2;0;80;True;111
17/06/2018;0;0;0;16,4;21,1;12,4;5,7;0;79;True;216
18/06/2018;0;0;0;18,3;24,2;15,2;5,6;0;20;False;0
19/06/2018;0;0;0;19;26,5;15,6;5,5;0;0;True;123
20/06/2018;0;0;0;21,2;29,1;14,4;3,3;0;30;True;127
21/06/2018;0;0;0;17,2;21;12,4;6,5;0;5;True;117
22/06/2018;0;0;0;14,9;22,8;7;5,6;0;0;True;118
23/06/2018;0;0;0;15,6;23,3;7,7;5,2;0;164;True;16
24/06/2018;0;0;0;17,4;23,5;11,1;4,6;0;0;True;211
25/06/2018;0;0;0;18,4;25,3;11,7;6,5;0;0;False;0
26/06/2018;0;0;0;20,5;27,1;12,4;5,9;0;0;True;157
27/06/2018;0;0;0;21,4;29,6;12,5;5,8;0;8;True;104
28/06/2018;0;0;0;21,8;27,6;14,7;6,2;0;78;True;156
29/06/2018;0;0;0;22,6;28,7;14,6;6,7;1;34;True;163
30/06/2018;0;0;0;23,9;32,2;15;4,8;0;7;True;114
01/07/2018;0;0;0;25,4;32,4;18,6;3,9;1;33;True;173
02/07/2018;0;0;0;24,3;30,4;16,1;4,2;1;50;False;0
03/07/2018;0;0;0;23,4;30,2;16,9;4,6;0;0;True;128
04/07/2018;0;0;0;22,9;29,1;17;5,6;0;12;True;81
05/07/2018;0;0;0;21,5;26,7;16,2;5,4;0;38;True;94
06/07/2018;0;0;0;21,8;30,4;14,1;3,7;0;34;True;78
07/07/2018;0;1;0;23,8;31,4;16,1;3,8;0;0;True;143
08/07/2018;0;1;0;24;31,3;16,1;3,9;1;85;True;150
09/07/2018;0;1;0;21,4;26,8;13,1;6,5;0;0;False;0
10/07/2018;0;1;0;18,4;22,7;15,2;5,9;0;0;True;94
11/07/2018;0;1;0;17,5;24,3;12;4,7;1;5;True;51
12/07/2018;0;1;0;19,3;26,2;12,8;4,2;0;3;True;130
13/07/2018;0;1;0;21,4;28,8;15,4;3,9;1;0;True;76
14/07/2018;1;1;0;22,7;31,2;15,7;3,9;0;72;True;122
15/07/2018;0;1;0;24;32;18;4,1;0;0;True;104
16/07/2018;0;1;0;22,7;29,3;14,5;4,3;0;0;False;0
17/07/2018;0;1;0;20,9;26;16,3;4,3;0;0;True;81
18/07/2018;0;1;0;21,4;29,2;14,3;3,9;0;0;True;64
19/07/2018;0;1;1;23,3;31;14,9;3,9;0;20;True;105
20/07/2018;0;1;1;20,5;26,3;16,2;5,6;1;0;True;58
21/07/2018;0;1;1;19,3;25,8;14,7;4,3;0;37;True;88
22/07/2018;0;1;1;20,8;31,3;14,8;3,6;0;0;True;148
23/07/2018;0;1;0;23,4;31,4;16,2;4,5;0;0;False;0
24/07/2018;0;1;0;23,9;32,1;16,2;3,1;0;0;True;87
25/07/2018;0;1;0;25,6;33,5;18,2;3,6;0;0;True;59
26/07/2018;0;1;0;27,5;36,7;18,5;4,3;0;0;True;44
27/07/2018;0;1;0;27;37;19,5;6,3;1;0;True;23
28/07/2018;0;1;0;20,8;25;17;7,2;0;0;True;59
29/07/2018;0;1;0;20,9;26,9;12,9;8,8;1;0;True;68
30/07/2018;0;1;0;22,3;28,2;17,2;6,5;1;0;False;0
31/07/2018;0;1;0;22,7;28,1;18,9;5,9;0;0;True;71
01/08/2018;0;1;0;22,5;30,7;15,4;3,3;0;0;True;51
02/08/2018;0;1;0;24;32,9;14,5;3,5;0;119;True;79
03/08/2018;0;1;0;26;35,3;16,9;5,3;0;0;True;52
04/08/2018;0;1;0;25,4;32,7;16,7;8,6;1;0;True;37
05/08/2018;0;1;0;22,9;30,4;14,7;4,3;0;0;True;48
06/08/2018;0;1;0;24,7;33,5;15,6;3,9;1;0;False;0
07/08/2018;0;1;0;27,4;36,2;18,7;6,2;1;0;True;21
08/08/2018;0;1;0;21,4;27,1;15,7;7,4;0;0;True;41
09/08/2018;0;1;1;16,3;21,6;13,5;7,9;1;0;True;9
10/08/2018;0;1;1;16,6;22,9;10,4;8,2;0;2;True;23
11/08/2018;0;1;1;18,4;25,1;12,5;6,7;1;1;True;39
12/08/2018;0;1;1;21,5;30,2;14;6,9;1;0;True;31
13/08/2018;0;1;0;19,3;24,3;16;7,7;1;0;False;0
14/08/2018;0;1;0;18,6;25;14,5;5,4;1;0;True;35
15/08/2018;1;1;0;18,9;25,8;14,3;4,7;0;0;True;40
16/08/2018;0;1;0;21,5;31,2;13,6;6,5;0;0;True;46
17/08/2018;0;1;0;19,1;24,6;14,5;5;0;0;True;35
18/08/2018;0;1;0;17,8;25,2;10,6;4,6;1;15;True;31
19/08/2018;0;1;0;20,1;28,5;13;4,6;0;0;True;63
20/08/2018;0;1;0;20,2;24,1;17,8;4,4;1;0;False;0
21/08/2018;0;1;0;21,3;27,7;16,8;2,8;1;0;True;71
22/08/2018;0;1;0;22,3;30,1;15,6;4,5;1;0;True;37
23/08/2018;0;1;0;20;26;15,4;5,9;1;0;True;63
24/08/2018;0;1;0;16;20,6;12,5;6,2;1;20;True;32
25/08/2018;0;1;0;14,9;21;10,6;7,2;1;25;True;38
26/08/2018;0;1;0;15,9;22,6;7,2;7,9;0;12;True;133
27/08/2018;0;1;0;18,5;23,3;12,7;9,8;0;0;False;0
28/08/2018;0;1;0;17,9;27,5;9,4;4,1;1;8;True;137
29/08/2018;0;1;0;17,4;23;14,6;6,9;1;0;True;109
30/08/2018;0;1;0;16,4;22,8;13,2;3,6;0;12;True;130
31/08/2018;0;1;0;17,4;23,6;12,7;4,3;0;0;True;82
01/09/2018;0;1;0;16,1;22,9;9;4,5;0;118;True;170
02/09/2018;0;1;0;16,3;25;8,4;3,9;0;47;True;195
03/09/2018;0;0;0;17,4;25,5;11,1;5,9;0;0;False;0
04/09/2018;0;0;0;17,1;18,8;14,5;3,9;0;0;True;75
05/09/2018;0;0;0;19,8;26,8;16,9;4,3;0;40;True;89
06/09/2018;0;0;0;17,4;23,5;14,1;4,5;1;0;True;73
07/09/2018;0;0;0;15,4;20,4;11,7;6,5;0;0;True;124
08/09/2018;0;0;0;15,6;23,5;8,2;4,8;0;36;True;157
09/09/2018;0;0;0;20,5;29;12,6;5,8;0;92;True;204
10/09/2018;0;0;0;18;24,8;12,9;4,6;0;65;False;0
11/09/2018;0;0;0;20,5;28,4;12,5;6,5;0;0;True;178
12/09/2018;0;0;0;19,8;28,6;12,9;3,9;0;131;True;138
13/09/2018;0;0;0;15,5;18,2;13,7;4,3;1;16;True;70
14/09/2018;0;0;0;15,1;22;9,8;4,9;0;10;True;100
15/09/2018;0;0;0;15,2;23,4;8,2;3,3;0;33;True;166
16/09/2018;0;0;0;17,2;30,2;9,4;3,2;0;0;True;238
17/09/2018;0;0;0;19,6;28,7;10,2;4,9;0;85;False;0
18/09/2018;0;0;0;20,2;26,3;16,6;6,5;0;16;True;151
19/09/2018;0;0;0;19,4;24,7;14,8;7,2;0;31;True;101
20/09/2018;0;0;1;19,1;25,6;13,6;6,6;0;14;True;140
21/09/2018;0;0;1;16,1;20;11,8;8,3;1;0;True;58
22/09/2018;0;0;1;13,7;18,8;10;6,7;1;36;True;123
23/09/2018;0;0;1;17,1;22,5;9;9,9;1;80;True;122
24/09/2018;0;0;0;11,2;20;6,1;4,3;0;16;False;0
25/09/2018;0;0;0;11,3;18,5;4,6;5,3;0;0;True;55
26/09/2018;0;0;0;12,9;25,6;4,4;3,1;0;37;True;59
27/09/2018;0;0;0;15,6;27,7;5,8;3,1;0;0;True;181
28/09/2018;0;0;0;14,4;19,4;10,9;6,1;0;0;True;97
29/09/2018;0;0;0;12;18,2;6,8;5;0;60;True;219
30/09/2018;0;0;0;10,7;19,6;3,2;6,2;0;21;True;241
01/10/2018;0;0;0;11,4;17,3;7,6;6,4;0;0;False;0
02/10/2018;0;0;0;11,2;14,9;7;6,5;0;0;True;122
03/10/2018;0;0;0;15,2;19,1;11,2;4,6;0;15;True;86
04/10/2018;0;0;0;14,7;22,6;9,4;3,3;0;23;True;92
05/10/2018;0;0;0;16;27,4;7,6;3,6;0;52;True;116
06/10/2018;0;0;0;16,9;23,4;12,7;6,8;0;42;True;182
07/10/2018;0;0;0;12,6;15,4;8,7;5,1;1;44;True;93
08/10/2018;0;0;0;11,3;20,2;6;4,5;1;0;False;0
09/10/2018;0;0;0;14,2;25,7;6,1;3,8;0;44;True;160
10/10/2018;0;0;0;17,3;24,7;10,9;5;1;24;True;143
11/10/2018;0;0;0;18,9;26,2;14,3;8,5;1;44;True;145
12/10/2018;0;0;0;18,1;24,7;13,5;6,5;0;11;True;118
13/10/2018;0;0;0;20,2;26,4;15,3;5,7;0;52;True;244
14/10/2018;0;0;0;19,8;25,6;14,8;7,2;0;0;True;175
15/10/2018;0;0;0;19,8;26,1;13,8;6;1;0;False;0
16/10/2018;0;0;0;19,1;29,1;13,4;4,5;1;0;True;147
17/10/2018;0;0;0;15,2;20,2;11,9;2,6;0;15;True;76
18/10/2018;0;0;0;14,5;22,1;10;6,2;1;54;True;89
19/10/2018;0;0;0;12,7;21,1;7,7;4,2;0;288;True;134
20/10/2018;0;1;0;11;20,1;5,8;4,1;0;71;True;147
21/10/2018;0;1;0;10,6;20,7;3,6;3;0;43;True;230
22/10/2018;0;1;0;11,2;14,1;8,3;5,3;0;172;True;96
23/10/2018;0;1;0;9,9;17,9;4;5,8;0;51;True;171
24/10/2018;0;1;0;12,9;15,8;10;4,5;1;0;True;64
25/10/2018;0;1;0;12,3;18,7;8,1;4;0;20;True;108
26/10/2018;0;1;0;9,8;15;6,2;7,5;1;0;True;51
27/10/2018;0;1;0;6,1;12,9;2,1;4,4;1;0;True;90
28/10/2018;0;1;0;5;7,6;3,5;7,5;0;0;True;134
29/10/2018;0;1;0;3,3;4,4;2,1;6,5;0;0;False;0
30/10/2018;0;1;0;5,6;10,8;2;9,1;1;0;True;43
31/10/2018;0;1;0;6,5;10;2,5;3,4;1;0;True;59
01/11/2018;1;1;0;9,5;11,3;7,8;5,8;1;0;True;123
02/11/2018;0;1;0;7,7;15,6;2,6;3,9;0;0;True;100
03/11/2018;0;1;0;5,1;13,6;0,3;2,6;0;0;True;129
04/11/2018;0;1;0;6,9;11,8;3,2;4;0;49;True;152
05/11/2018;0;0;0;12,5;20,5;7,9;4,2;0;0;False;0
06/11/2018;0;0;0;13,7;20,2;10,1;6,9;0;0;True;142
07/11/2018;0;0;0;10,2;12,5;8,4;9,7;1;29;True;68
08/11/2018;0;0;0;8,6;14,3;5,5;5,4;0;56;True;142
09/11/2018;0;0;0;9,5;17,5;5,6;7;0;37;True;132
10/11/2018;0;0;0;10,7;12,3;9,3;9,6;1;31;True;115
11/11/2018;0;0;0;10,8;11,9;10;7,9;1;30;True;158
12/11/2018;0;0;0;10,1;14,9;8,9;4,1;1;0;False;0
13/11/2018;0;0;0;10,6;16,1;8,2;6,2;0;0;True;149
14/11/2018;0;0;0;9,1;14,5;4,9;3,1;0;18;True;107
15/11/2018;0;0;0;8,3;9,5;6,8;4;1;15;True;93
16/11/2018;0;0;0;7,4;8,7;5,7;3,2;0;51;True;83
17/11/2018;0;0;0;5,5;9,9;2,4;4,5;0;74;True;169
18/11/2018;0;0;0;4,2;9,1;0,6;4,6;0;0;True;255
19/11/2018;0;0;0;2,3;5,7;-2,5;5,6;0;0;False;0
20/11/2018;0;0;0;1,5;3,5;0;5,7;1;0;True;40
21/11/2018;0;0;0;1,3;5,9;-2,1;3,1;0;15;True;109
22/11/2018;0;0;0;2,2;4,3;0,1;3,6;0;0;True;60
23/11/2018;0;0;0;4,3;6,4;2,1;3,3;1;0;True;35
24/11/2018;0;0;0;6,6;7,9;5;5,2;1;70;True;133
25/11/2018;0;0;0;6,2;7,4;4,2;4,9;1;18;True;114
26/11/2018;0;0;0;4,4;6,4;3,5;3,8;1;0;False;0
27/11/2018;0;0;0;5,7;9;2,6;6,2;1;0;True;111
28/11/2018;0;0;0;9,4;11,2;6,3;7,6;1;16;True;86
29/11/2018;0;0;0;10,9;13,8;9,5;8,6;0;0;True;100
30/11/2018;0;0;0;9,6;13,6;6,5;8;0;0;True;118
01/12/2018;0;0;0;7,4;10,5;4,9;11,9;1;20;True;96
02/12/2018;0;0;0;13,1;15,9;10,1;7,2;1;113;True;201
03/12/2018;0;0;0;12,6;14,1;10,4;10,6;1;0;False;0
04/12/2018;0;0;0;9,5;13,4;7,5;6,2;1;10;True;128
05/12/2018;0;0;0;9,3;11,7;7,3;6,5;1;0;True;93
06/12/2018;0;0;0;11,5;12,8;9,7;6;1;0;True;70
07/12/2018;0;0;0;9,7;11,5;5,8;10,8;1;10;True;44
08/12/2018;0;0;0;8,3;11,5;5,4;10,4;1;14;True;151
09/12/2018;0;0;0;8,8;11;7,2;11,7;1;25;True;151
10/12/2018;0;0;0;7,4;11,9;5,4;5,8;0;0;False;0
11/12/2018;0;0;0;5,4;13,9;1,7;2;0;0;True;112
12/12/2018;0;0;0;2;6,2;-1,7;3,9;0;54;True;112
13/12/2018;0;0;0;0,8;4,1;-0,7;6,5;0;0;True;78
14/12/2018;0;0;0;-1,1;2,4;-4;4,2;0;0;True;77
15/12/2018;0;0;0;-1;0,5;-3,6;6,9;1;48;True;88
16/12/2018;0;0;0;4,1;7;0,4;6,4;1;12;True;166
17/12/2018;0;0;0;6,1;9;4;6,2;1;0;False;0
18/12/2018;0;0;0;6,2;8,5;3,4;8,8;0;0;True;114
19/12/2018;0;0;0;7,9;10,6;6,2;9,3;1;0;True;59
20/12/2018;0;0;0;7,4;10,5;5,6;7,1;0;0;True;90
21/12/2018;0;0;0;11,5;14,6;7,6;10,4;1;54;True;31
22/12/2018;0;1;0;10,9;12,9;8,4;8,2;0;0;True;86
23/12/2018;0;1;0;10,5;13,2;7,6;9,1;1;0;True;79
24/12/2018;0;1;0;8,6;12,6;5,3;8,3;1;0;False;0
25/12/2018;1;1;0;2,9;9,9;-0,6;3,4;1;0;False;0
26/12/2018;0;1;0;0,5;4,8;-2,6;3,4;0;0;True;49
27/12/2018;0;1;0;-1,3;0,1;-2,1;2,8;0;0;True;49
28/12/2018;0;1;0;-1,1;0,2;-1,9;3,1;0;0;True;36
29/12/2018;0;1;0;3,5;6,9;-0,1;4,6;0;0;True;41
30/12/2018;0;1;0;7,7;9,2;6,6;4,5;0;0;True;49
31/12/2018;0;1;0;7,7;8,5;7;3,6;1;0;False;0
01/01/2019;1;1;0;6,9;7,8;6,2;4,8;0;0;True;69
02/01/2019;0;1;0;5;7,2;3,5;4,6;0;0;True;38
03/01/2019;0;1;0;3,9;6;1,9;4,2;0;0;True;50
04/01/2019;0;1;0;2,7;4,9;0,5;3,7;0;0;True;50
05/01/2019;0;1;0;3,5;4,5;2,6;4,7;0;0;True;99
06/01/2019;0;1;0;3,9;5,3;2,7;3,7;0;0;True;145
07/01/2019;0;0;0;5,6;7,3;4,2;6,2;0;0;False;0
08/01/2019;0;0;0;7,3;9,5;5,1;7,8;0;0;True;88
09/01/2019;0;0;0;3,9;6,5;1,4;6,5;0;0;True;85
10/01/2019;0;0;0;1,5;4,2;-1,7;4;0;0;True;94
11/01/2019;0;0;0;4,3;6,7;2,1;3,3;1;0;True;59
12/01/2019;0;0;0;6,4;8,2;5,1;7,9;1;0;True;138
13/01/2019;0;0;0;9,1;10,8;7,4;9,5;0;0;True;218
14/01/2019;0;0;0;7,8;9,6;5,7;6,9;0;0;False;0
15/01/2019;0;0;0;6,2;7,3;5,2;5,5;0;0;True;106
16/01/2019;0;0;0;4,3;8,2;0,8;6,2;1;0;True;99
17/01/2019;0;0;0;4,4;9,2;0,6;9,4;1;0;True;83
18/01/2019;0;0;0;1,3;7,6;-2;4,2;0;0;True;105
19/01/2019;0;0;0;-0,8;1,3;-2,8;4;0;0;True;123
20/01/2019;0;0;0;1,6;2,1;0,6;3,8;1;0;True;172
21/01/2019;0;0;0;-1,2;8,7;-4,9;2,6;0;0;False;0
22/01/2019;0;0;0;-1,1;1,6;-3,1;6,7;1;0;True;29
23/01/2019;0;0;0;0,1;1,3;-2,6;5,3;0;0;True;26
24/01/2019;0;0;0;-0,6;4;-3,9;3,2;1;0;True;54
25/01/2019;0;0;0;2,2;6;0,4;3,5;1;0;True;58
26/01/2019;0;0;0;7,2;8,4;5,6;6,5;1;0;True;126
27/01/2019;0;0;0;5,5;7,5;2,8;10,5;1;0;True;156
28/01/2019;0;0;0;3,2;8;0,9;7,6;0;0;False;0
29/01/2019;0;0;0;0,9;4,3;-1,5;7,9;1;0;True;82
30/01/2019;0;0;0;0,9;5,5;-0,6;5,8;1;0;True;45
31/01/2019;0;0;0;-0,4;2,5;-2,3;6,7;1;0;True;92
01/02/2019;0;0;0;4,2;8,7;1,7;5,2;1;0;True;58
02/02/2019;0;0;0;2,9;4,4;2;9,8;1;0;True;118
03/02/2019;0;0;0;2,5;7,9;-1;6,9;0;0;True;232
04/02/2019;0;0;0;1,3;3;-0,6;8,5;1;0;False;0
05/02/2019;0;0;0;3,5;11,1;2;6,4;0;0;True;89
06/02/2019;0;0;0;6,3;9,5;3;6,1;1;0;True;77
07/02/2019;0;0;0;8,1;11,3;4,8;8,2;1;0;True;131
08/02/2019;0;0;0;7,4;9;5,2;11,2;1;0;True;57
09/02/2019;0;0;0;8,6;11,8;6,5;10,8;1;0;True;141
10/02/2019;0;0;0;7,4;10,1;3,9;14,2;1;0;True;163
11/02/2019;0;0;0;4,9;9,6;2,4;7,2;0;0;False;0
12/02/2019;0;0;0;4;12,2;0,4;2,9;0;0;True;104
13/02/2019;0;0;0;3,6;9,5;-1;4,2;0;0;True;97
14/02/2019;0;0;0;5,9;14,3;-0,3;3,3;0;210;True;112
15/02/2019;0;0;0;8,1;17;2,7;3;0;16;True;111
16/02/2019;0;0;0;10,1;18,8;4,7;4,2;0;20;True;193
17/02/2019;0;0;0;10,5;16,8;4,4;6,6;0;0;True;259
18/02/2019;0;0;0;10;16,5;4,3;6,5;0;0;False;0
19/02/2019;0;0;0;7,2;13,9;3,9;4,4;0;40;True;187
20/02/2019;0;0;0;7;16,9;1,2;4,4;0;0;True;110
21/02/2019;0;0;0;9,9;20,6;4,5;3,6;0;0;True;113
22/02/2019;0;0;0;9,9;19,6;3,6;3,4;0;0;True;90
23/02/2019;0;1;0;10,6;17,6;5,4;4,3;0;0;True;158
24/02/2019;0;1;0;8,9;17,3;1,6;4;0;0;True;224
25/02/2019;0;1;0;10;20,9;2,2;4,3;0;0;False;0
26/02/2019;0;1;0;11,5;20,9;4,2;4,2;0;0;True;122
27/02/2019;0;1;0;13,3;29;5,4;3,3;0;0;True;128
28/02/2019;0;1;0;11,3;15,9;8,3;8,8;1;0;True;75
01/03/2019;0;1;0;9,2;13,1;7,5;8;1;0;True;41
02/03/2019;0;1;0;9,3;13,8;6,7;6,5;1;0;True;71
03/03/2019;0;1;0;11,1;13,9;8,8;10,6;0;0;True;67
04/03/2019;0;1;0;8,5;11,5;5,2;14,3;1;0;False;0
05/03/2019;0;1;0;7,2;12,6;3,7;6,5;1;0;True;71
06/03/2019;0;1;0;9,1;11;7,2;7,6;1;0;True;31
07/03/2019;0;1;0;8,5;12,6;6;10,6;1;0;True;84
08/03/2019;0;1;0;8;13,6;3,6;8,3;1;0;True;81
09/03/2019;0;1;0;10,4;14,5;6,9;9,2;1;91;True;126
10/03/2019;0;1;0;10,6;13,8;5,7;13,6;1;52;True;148
11/03/2019;0;0;0;5,8;10,1;2;10,8;1;0;False;0
12/03/2019;0;0;0;6,8;12,2;3,2;11,2;1;0;True;100
13/03/2019;0;0;0;6,3;10,5;3,1;10,4;1;14;True;96
14/03/2019;0;0;1;7,7;11;5,3;11,7;1;13;True;45
15/03/2019;0;0;1;11,3;13,2;9,5;9,9;1;26;True;75
16/03/2019;0;0;1;12,02;14,54;9,5;11,2;0;100;True;184
17/03/2019;0;0;1;6,895;10,05;3,74;10,5;1;32;True;155
18/03/2019;0;0;0;7,15;10,62;3,68;6,2;0;0;False;0
19/03/2019;0;0;0;6,94;12,7;1,18;3,6;0;42;True;135
20/03/2019;0;0;0;8,195;13,68;2,71;4,9;0;18;True;113
21/03/2019;0;0;0;10,32;16,01;4,63;4,7;0;0;True;158
22/03/2019;0;0;0;11,325;18,11;4,54;3,5;0;2;True;145
23/03/2019;0;0;0;9,205;13,45;4,96;4,5;0;76;True;196
24/03/2019;0;0;0;9,115;12,34;5,89;4,9;0;98;True;223
25/03/2019;0;0;0;7,3;11,73;2,87;8;0;0;False;0
26/03/2019;0;0;0;8,97;12,6;5,34;5,2;0;123;True;170
27/03/2019;0;0;0;7,795;12,76;2,83;5,4;0;14;True;129
28/03/2019;0;0;0;9,25;13,68;4,82;5,1;0;0;True;128
29/03/2019;0;0;0;11,31;17,76;4,86;5,5;1;0;True;129
30/03/2019;0;0;0;12,135;19,75;4,52;5,2;0;105;True;200
31/03/2019;0;0;0;12,68;20,03;5,33;5,6;0;94;True;261
01/04/2019;0;0;0;14,035;20,6;7,47;4,6;0;0;False;0
02/04/2019;0;0;0;11,82;16,68;6,96;8;1;0;True;96
03/04/2019;0;0;0;6,92;9,59;4,25;7,5;1;48;True;112
04/04/2019;0;0;0;6,53;11,75;1,31;6,4;0;24;True;87
05/04/2019;0;0;0;7,8;12,92;2,68;6,1;0;44;True;132
06/04/2019;0;0;0;10,71;16,65;4,77;5,9;0;66;True;149
07/04/2019;0;0;0;11,675;15,18;8,17;5,3;0;35;True;260
08/04/2019;0;0;0;10,8;16,27;5,33;4,4;1;0;False;0
09/04/2019;0;0;0;10,3;15,3;6,6;4;0;48;True;131
10/04/2019;0;0;0;9,8;11,4;7,1;5,7;1;19;True;111
11/04/2019;0;0;1;7,7;14,6;0,9;6,2;0;0;True;118
12/04/2019;0;0;1;6,2;12,4;0;6;0;21;True;71
13/04/2019;0;0;1;5;11,3;-1,4;5,2;0;96;True;176
14/04/2019;0;0;1;4,6;12,4;-2,4;4,7;0;90;True;191
15/04/2019;0;0;0;9;16,2;0,3;7,9;0;0;False;0
16/04/2019;0;0;0;10,4;13,7;7,5;4,6;0;0;True;146
17/04/2019;0;0;0;12,4;19,7;5,2;4,6;0;0;True;185
18/04/2019;0;0;0;16,1;23,2;8,8;5,6;0;0;True;213
19/04/2019;0;0;0;16,9;25,9;7,9;4,6;0;12;True;185
20/04/2019;0;1;0;18,2;26,6;9,5;5,4;1;0;True;206
21/04/2019;0;1;0;17,4;25,3;9,1;4,2;0;0;True;180
22/04/2019;1;1;0;18,2;25,1;11,5;3,7;0;0;False;0
23/04/2019;0;1;0;15,8;21,5;10,1;3,9;0;0;True;167
24/04/2019;0;1;0;13,3;17,3;7,6;8,1;1;5;True;67
25/04/2019;0;1;0;11;16,6;8,1;7,7;1;0;True;91
26/04/2019;0;1;0;11,4;18,2;5,7;6,5;0;8;True;80
27/04/2019;0;1;0;9,2;14;5,9;11,2;1;0;True;85
28/04/2019;0;1;0;8;12,4;5,1;7;1;0;True;97
29/04/2019;0;1;0;10,7;18,4;4,4;3,6;0;0;False;0
30/04/2019;0;1;0;10,7;19,4;5;5,6;0;0;True;90
01/05/2019;1;1;0;11,1;20,5;4,8;3,9;0;0;True;212
02/05/2019;0;1;0;10,9;15,3;7,8;5,2;1;0;True;36
03/05/2019;0;1;0;10,1;19,6;6,2;3,6;1;26;True;90
04/05/2019;0;1;0;6;11;2,4;7,4;1;23;True;47
05/05/2019;0;1;0;6,7;13,6;1,6;5,7;0;47;True;152
06/05/2019;0;0;0;8;16,8;0,5;3,9;0;0;False;0
07/05/2019;0;0;0;10,7;18,6;3,5;4,9;0;0;True;134
08/05/2019;1;0;0;11;16,4;8;7,7;1;79;True;156
09/05/2019;0;0;0;11;15,1;8,5;7,2;1;35;True;58
10/05/2019;0;0;0;11,8;18;7,5;4,9;1;46;True;95
11/05/2019;0;0;0;11,3;18;8,5;8,2;1;0;True;73
12/05/2019;0;0;0;10,4;17,7;4,1;6,1;1;88;True;264
13/05/2019;0;0;0;12;19,2;4,6;6,2;0;166;True;57
14/05/2019;0;0;0;13,4;20,8;6;5,7;0;0;True;128
15/05/2019;0;0;0;13,7;20,8;5,9;5,9;0;27;True;99
16/05/2019;0;0;1;13,2;20,1;4,5;5,5;0;60;True;104
17/05/2019;0;0;1;13,3;20,8;6,2;3,3;0;66;True;154
18/05/2019;0;0;1;13,7;19,3;11,1;3,8;1;78;True;109
19/05/2019;0;0;1;13;18,9;9,8;4,3;1;53;True;199
20/05/2019;0;0;0;13,7;18,7;9,9;5,2;1;0;False;0
21/05/2019;0;0;0;14,5;21,6;9,1;4,9;1;1;True;114
22/05/2019;0;0;0;15,8;23,8;8,4;3,2;0;12;True;82
23/05/2019;0;0;0;17,4;26,3;8;3,9;0;56;True;126
24/05/2019;0;0;0;17,3;25,3;12,4;4,9;0;0;True;144
25/05/2019;0;0;0;16,2;23;9,5;5,2;1;92;True;118
26/05/2019;0;0;0;14,8;20,8;11,2;5,2;0;32;True;238
27/05/2019;0;0;0;15,8;21,6;12,5;5,2;0;0;False;0
28/05/2019;0;0;0;12,8;18,3;8,8;6,8;0;0;True;99
29/05/2019;0;0;0;13,9;21,2;7,3;5,1;0;13;True;95
30/05/2019;1;0;0;16,3;21,5;12,3;5,2;0;0;True;207
31/05/2019;0;0;0;18,8;27,8;10,6;3,6;1;280;True;163
01/06/2019;0;0;0;21,3;30;13,1;4;0;4;True;225
02/06/2019;0;0;0;24,4;32,4;16,5;7,3;0;0;True;206
03/06/2019;0;0;0;18,1;23,7;15,2;5,7;0;100;False;0
04/06/2019;0;0;0;20,5;26,6;17,1;4,2;0;0;True;95
05/06/2019;0;0;0;17,7;21,9;14,9;4,3;1;100;True;89
06/06/2019;0;0;0;17;23,1;13,2;4,6;1;28;True;77
07/06/2019;0;0;0;19,7;26,1;16,3;4,7;0;62;True;65
08/06/2019;0;0;0;19,9;26,8;15,2;3,9;0;65;True;144
09/06/2019;0;0;0;18,9;25,8;15;3,7;0;90;True;141
10/06/2019;1;0;0;19,4;25,8;14,9;3,6;0;136;True;190
11/06/2019;0;0;0;18,3;22,3;16,4;3,2;1;0;False;0
12/06/2019;0;0;0;16,5;20,3;14,4;5,9;1;20;True;101
13/06/2019;0;0;0;13,9;20,4;9,4;5,3;0;12;True;113
14/06/2019;0;0;0;15,5;21,4;10,6;6,2;0;32;True;138
15/06/2019;0;0;0;17,7;25,3;12;4,6;0;0;True;207
16/06/2019;0;0;0;16,8;22,7;12,5;5,2;0;93;True;247
17/06/2019;0;0;0;16,4;21,1;12,4;5,7;0;0;False;0
18/06/2019;0;0;0;18,3;24,2;15,2;5,6;0;0;True;132
19/06/2019;0;0;0;19;26,5;15,6;5,5;0;22;True;89
20/06/2019;0;0;0;21,2;29,1;14,4;3,3;0;0;True;127
21/06/2019;0;0;0;17,2;21;12,4;6,5;0;27;True;178
22/06/2019;0;0;0;14,9;22,8;7;5,6;0;164;True;60
23/06/2019;0;0;0;15,6;23,3;7,7;5,2;0;0;True;199
24/06/2019;0;0;0;17,4;23,5;11,1;4,6;0;0;False;0
25/06/2019;0;0;0;18,4;25,3;11,7;6,5;0;0;True;123
26/06/2019;0;0;0;20,5;27,1;12,4;5,9;0;106;True;87
27/06/2019;0;0;0;17,6;25,1;12,5;3,1;0;0;True;134
28/06/2019;0;0;0;25,355;32,03;18,68;10,4;0;0;True;116
29/06/2019;0;0;0;26,905;35,22;18,59;10,01;0;0;True;110
30/06/2019;0;0;0;22,685;26,44;18,93;11,09;0;0;True;191
01/07/2019;0;0;0;19,745;23,97;15,52;10,66;0;0;True;80
02/07/2019;0;0;0;18,05;24,76;11,34;10,75;0;0;True;228
03/07/2019;0;0;0;19,635;25,04;14,23;12,89;0;0;True;114
04/07/2019;0;0;0;20,555;27,36;13,75;12,32;0;0;True;125
05/07/2019;0;0;0;22,655;30,99;14,32;6,05;0;0;True;164
06/07/2019;0;0;0;24,19;31,57;16,81;5,94;0;0;True;208
07/07/2019;0;1;0;20,61;26,22;15;12,51;0;0;True;144
08/07/2019;0;1;0;19,075;23,19;14,96;11,64;0;0;True;120
09/07/2019;0;1;0;18,205;24,36;12,05;11,42;0;0;True;100
10/07/2019;0;1;0;20,47;26,91;14,03;8,18;0;0;True;130
11/07/2019;0;1;0;23,7;28,75;18,65;9,11;0;0;True;144
12/07/2019;0;1;0;20,565;26,04;15,09;10,74;0;0;True;170
13/07/2019;0;1;0;19,875;25,44;14,31;11,53;0;0;True;101
14/07/2019;1;1;0;17,565;21,55;13,58;13,13;0;0;True;191
15/07/2019;0;1;0;18,165;24,13;12,2;11,67;0;0;False;0
16/07/2019;0;1;0;19,085;26,7;11,47;8,32;0;0;True;90
17/07/2019;0;1;0;21,31;28,42;14,2;10,1;0;0;True;54
18/07/2019;0;1;0;20,775;26,25;15,3;13,22;0;0;True;171
19/07/2019;0;1;1;22,415;28,28;16,55;10,04;0;0;True;157
20/07/2019;0;1;1;22,025;26,33;17,72;16,51;0;0;True;126
21/07/2019;0;1;1;21,605;27,71;15,5;7,29;0;0;True;152
22/07/2019;0;1;1;23,85;31,9;15,8;6,01;0;0;False;0
23/07/2019;0;1;0;27,57;36,59;18,55;9;0;0;True;158
24/07/2019;0;1;0;30,665;38,51;22,82;9,43;0;0;True;289
25/07/2019;0;1;0;32,56;41,55;23,57;13,81;0;0;True;246
26/07/2019;0;1;0;26,03;30,7;21,36;10,95;1;0;True;463
27/07/2019;0;1;0;19,26;22,38;16,14;13,16;1;0;True;538
28/07/2019;0;1;0;19,44;24,25;14,63;9,68;0;0;True;345
29/07/2019;0;1;0;20,575;28,52;12,63;9,1;0;0;True;262
30/07/2019;0;1;0;20,55;24,2;16,9;15,48;0;0;True;166
31/07/2019;0;1;0;19,12;23,44;14,8;13,01;0;0;True;140
01/08/2019;0;1;0;20,555;26,07;15,04;6,67;0;0;True;73
02/08/2019;0;1;0;21,955;27,33;16,58;7,21;0;0;True;37
03/08/2019;0;1;0;20,105;24,69;15,52;7,15;0;0;True;45
04/08/2019;0;1;0;23,19;30,76;15,62;9,19;0;0;True;54
05/08/2019;0;1;0;21,515;26,54;16,49;10,88;0;0;False;0
06/08/2019;0;1;0;20,675;22,69;18,66;7,22;1;0;True;43
07/08/2019;0;1;0;21,045;25,53;16,56;7,47;0;0;True;37
08/08/2019;0;1;0;22,025;28,87;15,18;10,83;0;0;True;29
09/08/2019;0;1;0;22,82;25,22;20,42;18,63;1;0;True;13
10/08/2019;0;1;0;21,48;25,04;17,92;18,19;0;0;True;34
11/08/2019;0;1;0;18,005;22,08;13,93;13,03;0;0;True;36
12/08/2019;0;1;0;16,975;20,74;13,21;10,53;1;0;False;0
13/08/2019;0;1;0;15,285;20,02;10,55;10,57;0;0;True;52
14/08/2019;0;1;0;18,46;24,79;12,13;12,3;0;0;True;23
15/08/2019;1;1;0;19,975;23,29;16,66;12,83;0;0;True;16
16/08/2019;0;1;0;18,415;24,79;12,04;12,31;0;0;True;38
17/08/2019;0;1;0;18,7;20,16;17,24;13,07;1;0;True;15
18/08/2019;0;1;0;19,175;22,17;16,18;13,9;1;0;True;8
19/08/2019;0;1;0;17,98;22,88;13,08;13,3;0;0;False;0
20/08/2019;0;1;0;17,92;22,28;13,56;8,55;0;0;True;40
21/08/2019;0;1;0;17,13;23,42;10,84;11,07;0;0;True;39
22/08/2019;0;1;1;18,95;26,05;11,85;5,25;0;0;True;54
23/08/2019;0;1;1;20,935;28,09;13,78;7,63;0;0;True;36
24/08/2019;0;1;1;22,485;30,56;14,41;5,64;0;0;True;53
25/08/2019;0;1;1;24,055;31,95;16,16;5,13;0;0;True;74
26/08/2019;0;1;0;24,725;32,6;16,85;7,48;0;0;False;0
27/08/2019;0;1;0;25,53;32,38;18,68;13,27;0;0;True;47
28/08/2019;0;1;0;23,555;28,67;18,44;11,32;0;0;True;81
29/08/2019;0;1;0;20,835;24,15;17,52;5,12;0;0;True;102
30/08/2019;0;1;0;19,275;26,74;11,81;7,62;0;0;True;101
31/08/2019;0;1;0;23,11;30,47;15,75;11,73;0;127;True;235
01/09/2019;0;1;0;18,4;22,36;14,44;8,79;0;55;True;172
02/09/2019;0;0;0;16,14;22,53;9,75;9,06;0;0;False;380
03/09/2019;0;0;0;16,695;23,48;9,91;9,46;0;0;True;0
04/09/2019;0;0;0;17,61;24,29;10,93;12,91;0;56;True;144
05/09/2019;0;0;0;14,705;18,65;10,76;9,16;0;10;True;106
06/09/2019;0;0;0;13,955;21,66;6,25;9,92;0;0;True;94
07/09/2019;0;0;0;16,145;19,51;12,78;11,39;0;168;True;323
08/09/2019;0;0;0;13,865;18,64;9,09;8,22;0;30;True;207
09/09/2019;0;0;0;13,195;19,54;6,85;12,71;0;0;False;70
10/09/2019;0;0;0;15,925;22,69;9,16;10,65;0;0;True;95
11/09/2019;0;0;0;17,77;23,95;11,59;13,36;0;0;True;74
12/09/2019;0;0;0;19,815;23,69;15,94;7,33;0;28;True;93
13/09/2019;0;0;0;18,855;23,51;14,2;6,18;0;0;True;68
14/09/2019;0;0;0;19,38;25,92;12,84;10,92;0;30;True;236
15/09/2019;0;0;0;19,755;27,35;12,16;11,15;0;20;True;269
16/09/2019;0;0;0;19,455;26,94;11,97;5,66;0;0;False;0
17/09/2019;0;0;0;18,66;22,44;14,88;11,05;0;0;True;135
18/09/2019;0;0;0;15,225;20,93;9,52;15,48;0;0;True;113
19/09/2019;0;0;0;14,685;19,89;9,48;10,6;0;0;True;113
20/09/2019;0;0;0;16,805;23,9;9,71;11,19;0;43;True;103
21/09/2019;0;0;0;19,38;27,83;10,93;10,59;0;52;True;264
22/09/2019;0;0;0;18,615;21,42;15,81;12,39;1;76;True;218
23/09/2019;0;0;0;17,46;21,63;13,29;11,58;0;0;False;167
24/09/2019;0;0;0;17,115;19,87;14,36;14,27;1;0;True;92
25/09/2019;0;0;0;16,215;19,09;13,34;11,3;1;0;True;89
26/09/2019;0;0;0;18,145;20,94;15,35;15,36;1;16;True;197
27/09/2019;0;0;0;16,815;20,55;13,08;13,13;1;0;True;144
28/09/2019;0;0;0;16,57;20,1;13,04;13,05;0;72;True;160
29/09/2019;0;0;0;16,765;20,46;13,07;16,44;0;21;True;128
30/09/2019;0;0;0;15,2;19,11;11,29;12,43;0;0;False;76